Closest Location,Date,No. of Cases,precipIntensity,precipIntensityMax,precipIntensityMaxTime,temperatureHigh,temperatureHighTime,temperatureLow,temperatureLowTime,humidity
Admiralty,02/07/2019,2.0,0.0147,0.0625,1560814860,84.05,1560847620,79.41,1560877200,0.92
Admiralty,03/04/2019,67.0,0.0001,0.0003,1553093940,92.27,1553058060,77.34,1553120640,0.78
Admiralty,03/05/2019,124.0,0.017,0.0578,1555665060,91.91,1555649460,78.45,1555704600,0.82
Admiralty,03/06/2019,343.0,0.0003,0.001,1558346100,90.53,1558338360,78.67,1558382220,0.83
Admiralty,04/01/2019,2.0,0.0129,0.0554,1545373560,88.6,1545367080,76.17,1545428340,0.88
Admiralty,05/04/2019,74.0,0.0037,0.0128,1553234520,91.17,1553240340,76.95,1553289960,0.82
Admiralty,06/05/2019,131.0,0.0157,0.0517,1555922460,90.66,1555907700,78.25,1555963140,0.84
Admiralty,07/01/2019,6.0,0.0013,0.0059,1545641580,89.87,1545636540,75.68,1545681660,0.82
Admiralty,07/06/2019,321.0,0.0015,0.0121,1558677540,91.65,1558684020,78.42,1558727760,0.81
Admiralty,09/04/2019,78.0,0.0039,0.0084,1553610780,91.64,1553586000,76.42,1553637360,0.82
Admiralty,10/05/2019,189.0,0.0505,0.1267,1556270340,87.49,1556252580,76.36,1556307960,0.88
Admiralty,10/06/2019,326.0,0.0097,0.0525,1558947540,91.69,1558932960,79.06,1558987140,0.84
Admiralty,11/01/2019,10.0,0.0049,0.0241,1545987120,89.95,1545973800,76.19,1546034220,0.8
Admiralty,12/04/2019,90.0,0.0059,0.0419,1553847000,90.75,1553835960,77.16,1553896680,0.85
Admiralty,13/05/2019,200.0,0.0057,0.0222,1556535120,93.14,1556524260,79.51,1556567700,0.84
Admiralty,14/01/2019,14.0,0.0103,0.0438,1546247460,90.06,1546242840,75.91,1546286400,0.86
Admiralty,14/06/2019,301.0,0.015,0.0441,1559250060,88.39,1559277180,78.23,1559332980,0.86
Admiralty,16/04/2019,48.0,0.0146,0.0427,1554196440,90.5,1554181860,75.39,1554249360,0.84
Admiralty,17/05/2019,266.0,0.0058,0.0423,1556874000,92.97,1556858940,79.82,1556913120,0.84
Admiralty,18/01/2019,18.0,0.0011,0.0043,1546550220,91.61,1546588140,77.3,1546638960,0.77
Admiralty,18/04/2019,56.0,0.0138,0.0773,1554357780,90.08,1554351000,76.01,1554407940,0.85
Admiralty,19/06/2019,74.0,0.0059,0.0128,1559719740,88.91,1559708400,78.37,1559774340,0.86
Admiralty,21/01/2019,23.0,0.0012,0.0052,1546850940,88.35,1546847580,78.26,1546890660,0.85
Admiralty,21/06/2019,88.0,0.0063,0.0332,1559865540,86.65,1559894220,77.76,1559937300,0.89
Admiralty,22/05/2019,268.0,0.0088,0.0277,1557284520,88.35,1557304200,78.87,1557348300,0.86
Admiralty,23/04/2019,80.0,0.0126,0.0601,1554796860,91.08,1554785700,77.52,1554843180,0.85
Admiralty,24/05/2019,306.0,0.0048,0.0198,1557425520,91.47,1557475140,79.77,1557518580,0.8
Admiralty,25/01/2019,24.0,0.0002,0.0007,1547153760,89.14,1547182620,74.5,1547246520,0.82
Admiralty,26/04/2019,96.0,0.0042,0.0127,1555038900,92.49,1555054860,78.44,1555105980,0.82
Admiralty,26/06/2019,27.0,0.002,0.0113,1560268800,88.78,1560325440,81.04,1560369900,0.87
Admiralty,27/05/2019,303.0,0.0088,0.0466,1557737580,90.53,1557723540,79.17,1557777120,0.84
Admiralty,28/01/2019,23.0,0.0184,0.0773,1547445660,86.73,1547438040,74.5,1547505780,0.88
Admiralty,28/06/2019,16.0,0.0031,0.0185,1560460080,88.58,1560495360,78.61,1560545940,0.86
Admiralty,29/01/2019,29.0,0.0045,0.0401,1547531940,89.53,1547538600,75.75,1547592900,0.84
Admiralty,29/04/2019,103.0,0.0054,0.0485,1555308000,92.98,1555314540,78.61,1555358280,0.82
Admiralty West,02/07/2019,4.0,0.0146,0.0649,1560815040,83.83,1560848940,79.66,1560877080,0.92
Admiralty West,03/04/2019,2.0,0.0001,0.0002,1553054400,92.78,1553058060,77.48,1553120820,0.78
Admiralty West,03/06/2019,5.0,0.0003,0.0011,1558346160,90.42,1558337880,78.75,1558382280,0.83
Admiralty West,05/04/2019,2.0,0.0039,0.0132,1553234520,91.31,1553231460,77.08,1553290140,0.83
Admiralty West,09/04/2019,1.0,0.0035,0.0082,1553610960,91.61,1553582640,76.42,1553637360,0.82
Admiralty West,12/04/2019,4.0,0.006,0.0439,1553846880,91.05,1553836200,77.12,1553896740,0.85
Admiralty West,21/06/2019,4.0,0.0054,0.0288,1559865540,86.06,1559894220,77.87,1559937300,0.9
Admiralty West,22/05/2019,3.0,0.0079,0.0266,1557284460,88.26,1557291240,79.0,1557348660,0.86
Admiralty West,24/05/2019,4.0,0.0048,0.0195,1557425400,91.65,1557464520,79.99,1557518580,0.81
Admiralty West,25/01/2019,2.0,0.0002,0.0006,1547153760,89.2,1547182740,74.49,1547246580,0.83
Admiralty West,26/06/2019,8.0,0.0017,0.0097,1560268800,88.3,1560322560,81.3,1560370020,0.88
Admiralty West,27/05/2019,4.0,0.0089,0.0494,1557737580,90.72,1557723600,79.31,1557777180,0.85
Admiralty West,28/01/2019,2.0,0.0183,0.0778,1547445660,86.27,1547437620,74.41,1547505840,0.89
Admiralty West,28/06/2019,7.0,0.003,0.0175,1560460080,88.24,1560494940,78.61,1560546000,0.87
Admiralty West,29/01/2019,6.0,0.0046,0.0414,1547531940,89.4,1547538480,75.72,1547592960,0.84
Ang Mo Kio,02/07/2019,45.0,0.016,0.075,1560815820,85.42,1560827220,79.35,1560889320,0.89
Ang Mo Kio,03/04/2019,1.0,0.0002,0.0011,1553094000,91.96,1553058300,78.1,1553119980,0.76
Ang Mo Kio,03/05/2019,3.0,0.0135,0.0435,1555665240,92.13,1555650060,79.57,1555705020,0.79
Ang Mo Kio,03/06/2019,39.0,0.0002,0.0009,1558345320,90.36,1558328280,79.71,1558382220,0.81
Ang Mo Kio,04/01/2019,3.0,0.0131,0.0458,1545381480,89.31,1545367740,77.35,1545429420,0.86
Ang Mo Kio,05/04/2019,1.0,0.0031,0.0131,1553234460,91.21,1553238240,77.79,1553290620,0.8
Ang Mo Kio,06/05/2019,6.0,0.0161,0.0354,1555933800,90.77,1555908060,79.28,1555963920,0.81
Ang Mo Kio,07/01/2019,3.0,0.001,0.0036,1545663600,89.67,1545631500,77.02,1545681300,0.8
Ang Mo Kio,07/06/2019,125.0,0.0012,0.0067,1558677540,91.48,1558683000,79.61,1558727880,0.79
Ang Mo Kio,10/05/2019,9.0,0.0452,0.0992,1556268060,87.46,1556253120,77.79,1556308080,0.87
Ang Mo Kio,10/06/2019,135.0,0.0081,0.0353,1558947540,91.74,1558933500,80.14,1558986900,0.82
Ang Mo Kio,11/01/2019,2.0,0.0045,0.0183,1545987060,89.95,1545977160,77.27,1546036740,0.78
Ang Mo Kio,13/05/2019,11.0,0.0049,0.0203,1556535780,92.79,1556522400,80.11,1556567880,0.82
Ang Mo Kio,14/01/2019,3.0,0.01,0.0396,1546247700,88.13,1546239120,77.13,1546293240,0.85
Ang Mo Kio,14/06/2019,168.0,0.0148,0.0707,1559250060,88.96,1559277420,78.95,1559342220,0.84
Ang Mo Kio,17/05/2019,15.0,0.0055,0.0351,1556874060,92.74,1556859120,80.84,1556913240,0.81
Ang Mo Kio,18/01/2019,2.0,0.0016,0.0082,1546550100,90.9,1546584960,78.4,1546639080,0.76
Ang Mo Kio,19/06/2019,100.0,0.0061,0.0193,1559682000,89.8,1559709240,79.02,1559774760,0.83
Ang Mo Kio,21/06/2019,110.0,0.011,0.0518,1559865420,85.94,1559892180,78.55,1559937420,0.87
Ang Mo Kio,22/05/2019,24.0,0.0152,0.0376,1557284640,88.31,1557304200,79.5,1557347400,0.85
Ang Mo Kio,23/04/2019,1.0,0.0126,0.0546,1554796920,91.06,1554785940,78.63,1554841260,0.83
Ang Mo Kio,24/05/2019,24.0,0.0053,0.0224,1557426660,91.46,1557471600,80.51,1557518940,0.79
Ang Mo Kio,25/01/2019,3.0,0.0002,0.0011,1547153700,89.19,1547183220,75.84,1547246400,0.81
Ang Mo Kio,26/04/2019,1.0,0.0037,0.0091,1555038540,91.69,1555052940,79.52,1555105980,0.81
Ang Mo Kio,26/06/2019,185.0,0.0039,0.0228,1560268800,88.45,1560321180,81.37,1560365760,0.86
Ang Mo Kio,27/05/2019,36.0,0.0081,0.0324,1557737640,90.53,1557723780,79.86,1557776760,0.82
Ang Mo Kio,28/01/2019,4.0,0.019,0.0734,1547445600,87.4,1547438880,75.94,1547505660,0.86
Ang Mo Kio,28/06/2019,50.0,0.0022,0.0109,1560460080,89.69,1560495000,80.6,1560541980,0.84
Ang Mo Kio,29/01/2019,2.0,0.0036,0.0321,1547532000,89.23,1547536620,77.08,1547592720,0.81
Ang Mo Kio,29/04/2019,1.0,0.0034,0.0303,1555308000,92.88,1555313640,79.61,1555358280,0.8
Botanic Garden,07/06/2019,3.0,0.001,0.0041,1558677480,91.05,1558680960,79.6,1558727640,0.79
Botanic Garden,10/06/2019,3.0,0.0073,0.0335,1558969200,91.49,1558933560,80.45,1558986240,0.8
Botanic Garden,14/06/2019,6.0,0.0143,0.0831,1559250060,88.99,1559278920,79.37,1559342400,0.83
Botanic Garden,19/06/2019,17.0,0.005,0.0261,1559682000,89.39,1559710140,79.07,1559774820,0.82
Botanic Garden,21/06/2019,10.0,0.0137,0.0683,1559865360,85.59,1559893800,79.27,1559937120,0.86
Botanic Garden,26/06/2019,2.0,0.0045,0.0305,1560297600,87.89,1560323940,81.73,1560365940,0.85
Buangkok,03/04/2019,5.0,0.0002,0.0015,1553094000,92.36,1553058180,78.42,1553120760,0.74
Buangkok,04/01/2019,12.0,0.0144,0.0518,1545381720,89.26,1545367260,77.5,1545430500,0.85
Buangkok,05/04/2019,11.0,0.0035,0.0178,1553234460,91.61,1553238000,78.47,1553286060,0.79
Buangkok,07/01/2019,17.0,0.0011,0.004,1545663540,90.09,1545631320,77.87,1545688500,0.79
Buangkok,09/04/2019,7.0,0.0041,0.0097,1553549880,91.55,1553583360,78.26,1553637480,0.78
Buangkok,11/01/2019,13.0,0.0056,0.0219,1545986880,90.15,1545974400,77.43,1546036860,0.76
Buangkok,12/04/2019,3.0,0.0054,0.0326,1553848140,91.27,1553842020,78.6,1553896620,0.81
Buangkok,14/01/2019,25.0,0.0095,0.0359,1546247220,88.25,1546234260,77.07,1546293660,0.85
Buangkok,16/04/2019,8.0,0.0156,0.041,1554143280,90.43,1554182280,75.37,1554249240,0.81
Buangkok,18/01/2019,33.0,0.0015,0.0063,1546549860,91.3,1546584180,78.53,1546639020,0.73
Buangkok,18/04/2019,8.0,0.01,0.0513,1554357900,90.41,1554354360,77.86,1554408180,0.79
Buangkok,21/01/2019,30.0,0.0009,0.0031,1546851180,89.06,1546837680,78.98,1546891260,0.81
Buangkok,23/04/2019,9.0,0.0118,0.0468,1554797160,91.24,1554786000,79.1,1554841020,0.81
Buangkok,25/01/2019,46.0,0.0002,0.0014,1547153640,89.27,1547183280,76.22,1547247120,0.8
Buangkok,26/04/2019,10.0,0.0038,0.0079,1555063320,91.45,1555045680,79.69,1555099560,0.8
Buangkok,28/01/2019,41.0,0.0198,0.0733,1547445660,87.67,1547448840,76.24,1547505720,0.84
Buangkok,29/01/2019,50.0,0.0034,0.0304,1547532000,89.56,1547536860,77.63,1547592600,0.8
Buangkok,29/04/2019,2.0,0.0029,0.0259,1555308000,94.04,1555314360,79.94,1555358280,0.79
Bukit Panjang,02/07/2019,20.0,0.0153,0.08,1560815880,84.81,1560834000,79.04,1560880860,0.89
Bukit Panjang,03/04/2019,5.0,0.0001,0.0004,1553078100,91.64,1553064960,77.44,1553118540,0.77
Bukit Panjang,03/06/2019,3.0,0.0002,0.0006,1558347060,90.02,1558328400,79.42,1558382220,0.82
Bukit Panjang,04/01/2019,14.0,0.0112,0.0446,1545373800,88.87,1545368040,76.68,1545428460,0.87
Bukit Panjang,05/04/2019,5.0,0.0029,0.0078,1553245500,91.0,1553239320,77.32,1553290500,0.82
Bukit Panjang,07/01/2019,16.0,0.0009,0.0041,1545641580,89.71,1545634320,76.26,1545681420,0.81
Bukit Panjang,07/06/2019,5.0,0.0014,0.0089,1558677540,91.32,1558682100,78.66,1558727700,0.8
Bukit Panjang,09/04/2019,5.0,0.0056,0.0127,1553568780,91.48,1553584020,76.98,1553638920,0.81
Bukit Panjang,10/06/2019,7.0,0.0087,0.0384,1558947540,91.34,1558933260,79.66,1558986840,0.83
Bukit Panjang,11/01/2019,18.0,0.0034,0.0161,1545987300,89.86,1545979500,76.77,1546036080,0.79
Bukit Panjang,14/01/2019,16.0,0.0107,0.0457,1546248300,89.15,1546242360,76.47,1546286280,0.85
Bukit Panjang,14/06/2019,8.0,0.0144,0.0595,1559250060,88.31,1559278380,78.84,1559333040,0.85
Bukit Panjang,18/01/2019,24.0,0.0017,0.0097,1546550340,91.17,1546585200,77.9,1546639020,0.77
Bukit Panjang,19/06/2019,5.0,0.0049,0.017,1559682000,89.15,1559709660,78.57,1559774640,0.84
Bukit Panjang,21/01/2019,23.0,0.0015,0.0061,1546851240,88.29,1546845900,78.5,1546890840,0.84
Bukit Panjang,21/06/2019,8.0,0.0095,0.0528,1559865420,85.92,1559893860,78.32,1559937300,0.88
Bukit Panjang,22/05/2019,2.0,0.0113,0.0292,1557284640,88.37,1557304020,79.36,1557347760,0.85
Bukit Panjang,24/05/2019,2.0,0.005,0.0206,1557425040,91.38,1557472980,80.21,1557518880,0.79
Bukit Panjang,25/01/2019,27.0,0.0002,0.0007,1547153880,88.83,1547182980,75.01,1547246400,0.82
Bukit Panjang,26/06/2019,13.0,0.0028,0.0195,1560297600,88.31,1560324240,81.25,1560369300,0.86
Bukit Panjang,27/05/2019,2.0,0.0088,0.0356,1557737700,90.05,1557723660,79.71,1557776820,0.82
Bukit Panjang,28/01/2019,20.0,0.0178,0.0755,1547445600,86.96,1547437560,75.05,1547505720,0.87
Bukit Panjang,28/06/2019,13.0,0.0034,0.0218,1560460080,88.79,1560495420,79.34,1560545880,0.85
Bukit Panjang,29/01/2019,24.0,0.0042,0.0367,1547532000,88.84,1547537280,75.98,1547592840,0.83
Bukit Timah,03/06/2019,2.0,0.0002,0.0005,1558346880,90.76,1558328280,80.32,1558382040,0.81
Bukit Timah,19/06/2019,2.0,0.005,0.0239,1559682000,90.16,1559710200,78.98,1559774700,0.82
Buona Vista,02/07/2019,2.0,0.0155,0.049,1560812460,84.59,1560830640,79.98,1560888480,0.88
Buona Vista,04/01/2019,2.0,0.0105,0.04,1545382440,89.5,1545368280,77.75,1545428940,0.86
Buona Vista,07/01/2019,1.0,0.0005,0.0029,1545663600,89.31,1545634380,77.19,1545681300,0.79
Buona Vista,07/06/2019,7.0,0.0011,0.0043,1558644780,91.18,1558680960,79.49,1558727580,0.79
Buona Vista,10/05/2019,2.0,0.036,0.0746,1556265840,88.57,1556252700,78.48,1556307660,0.85
Buona Vista,10/06/2019,7.0,0.0073,0.0342,1558969200,91.54,1558933680,80.45,1558986240,0.81
Buona Vista,13/05/2019,2.0,0.0022,0.0091,1556537400,92.68,1556523000,80.65,1556567760,0.81
Buona Vista,14/06/2019,12.0,0.0142,0.0833,1559250060,89.03,1559279040,79.45,1559342400,0.83
Buona Vista,17/05/2019,2.0,0.0034,0.0155,1556874000,92.66,1556859600,81.52,1556913120,0.8
Buona Vista,19/06/2019,40.0,0.0047,0.0266,1559682000,90.13,1559710260,79.0,1559774820,0.81
Buona Vista,21/06/2019,46.0,0.0139,0.0735,1559865360,85.53,1559893980,79.37,1559937120,0.86
Buona Vista,25/01/2019,1.0,0.0002,0.0011,1547153820,89.01,1547183580,76.21,1547246340,0.81
Buona Vista,28/01/2019,1.0,0.0181,0.0729,1547445600,87.59,1547439300,76.25,1547505660,0.85
Buona Vista,28/06/2019,5.0,0.0039,0.0262,1560460080,88.98,1560494880,80.49,1560545220,0.84
Buona Vista,29/01/2019,1.0,0.0035,0.0303,1547532000,88.63,1547535180,77.04,1547592540,0.81
Chai Chee,02/07/2019,172.0,0.0172,0.0649,1560815640,85.9,1560833880,79.66,1560887520,0.87
Chai Chee,03/04/2019,8.0,0.0002,0.0026,1553094000,91.73,1553058720,78.94,1553118780,0.76
Chai Chee,03/05/2019,38.0,0.0119,0.0485,1555685760,92.4,1555650120,80.43,1555704960,0.77
Chai Chee,03/06/2019,71.0,0.0002,0.0008,1558344720,90.79,1558328340,80.71,1558381980,0.8
Chai Chee,04/01/2019,93.0,0.0153,0.0549,1545382440,89.17,1545367980,78.3,1545430080,0.85
Chai Chee,05/04/2019,11.0,0.0029,0.0151,1553234460,91.14,1553236920,78.97,1553291760,0.79
Chai Chee,06/05/2019,36.0,0.0151,0.0312,1555933980,91.26,1555907160,80.03,1555963680,0.8
Chai Chee,07/01/2019,108.0,0.0008,0.0041,1545663600,89.51,1545631980,78.06,1545682620,0.79
Chai Chee,07/06/2019,281.0,0.0009,0.0034,1558677240,91.09,1558680660,80.48,1558728420,0.78
Chai Chee,09/04/2019,6.0,0.0043,0.0111,1553549940,91.45,1553580240,79.2,1553639400,0.79
Chai Chee,10/05/2019,88.0,0.0452,0.0941,1556265120,86.26,1556253480,78.78,1556307720,0.87
Chai Chee,10/06/2019,317.0,0.0065,0.0312,1558969200,91.49,1558933560,81.02,1558983360,0.81
Chai Chee,11/01/2019,138.0,0.0045,0.015,1545987060,89.62,1545974820,78.15,1546036380,0.78
Chai Chee,12/04/2019,12.0,0.0044,0.0247,1553849220,90.12,1553840340,79.34,1553898120,0.82
Chai Chee,13/05/2019,97.0,0.0049,0.0211,1556536140,92.73,1556514540,80.91,1556567820,0.81
Chai Chee,14/01/2019,146.0,0.0089,0.035,1546247220,87.99,1546232700,77.73,1546291620,0.84
Chai Chee,14/06/2019,347.0,0.0148,0.0887,1559250000,89.25,1559278860,79.3,1559342460,0.82
Chai Chee,16/04/2019,17.0,0.0145,0.0482,1554143160,90.31,1554183420,76.24,1554249600,0.79
Chai Chee,17/05/2019,145.0,0.0056,0.0332,1556874060,92.41,1556859480,81.66,1556913180,0.8
Chai Chee,18/01/2019,157.0,0.0015,0.0081,1546549740,90.54,1546584720,79.22,1546638420,0.75
Chai Chee,18/04/2019,18.0,0.0081,0.0407,1554357840,90.56,1554353760,78.43,1554408420,0.8
Chai Chee,19/06/2019,338.0,0.0064,0.026,1559682060,90.27,1559710800,79.8,1559773320,0.82
Chai Chee,21/01/2019,169.0,0.0008,0.0024,1546851420,88.84,1546839180,79.4,1546891320,0.81
Chai Chee,21/06/2019,311.0,0.0138,0.0537,1559865360,85.91,1559893560,79.58,1559937180,0.87
Chai Chee,22/05/2019,173.0,0.0232,0.0558,1557284760,88.26,1557304320,80.2,1557346740,0.84
Chai Chee,23/04/2019,18.0,0.012,0.0421,1554797400,91.02,1554786180,79.67,1554842220,0.82
Chai Chee,24/05/2019,161.0,0.006,0.0276,1557427860,91.63,1557464760,81.26,1557518880,0.78
Chai Chee,25/01/2019,202.0,0.0003,0.0016,1547153520,88.96,1547183400,77.05,1547247000,0.8
Chai Chee,26/04/2019,22.0,0.0036,0.0101,1555013100,91.06,1555045800,80.3,1555099440,0.8
Chai Chee,26/06/2019,158.0,0.0058,0.0369,1560268800,88.17,1560319320,81.81,1560366060,0.85
Chai Chee,27/05/2019,160.0,0.0068,0.0219,1557737580,90.71,1557723780,80.44,1557776640,0.8
Chai Chee,28/01/2019,216.0,0.0197,0.0661,1547445660,87.33,1547440980,76.87,1547505660,0.84
Chai Chee,28/06/2019,156.0,0.0037,0.02,1560460080,89.31,1560494580,80.92,1560545580,0.83
Chai Chee,29/01/2019,213.0,0.0028,0.0243,1547532000,88.77,1547537040,78.01,1547592300,0.8
Chai Chee,29/04/2019,19.0,0.0018,0.0162,1555308000,92.85,1555314060,80.17,1555358100,0.78
Choa Chu Kang (Central),02/07/2019,114.0,0.0152,0.0818,1560815880,84.9,1560834000,79.08,1560880800,0.9
Choa Chu Kang (Central),03/04/2019,9.0,0.0001,0.0004,1553077980,91.85,1553058420,77.34,1553118360,0.78
Choa Chu Kang (Central),03/06/2019,9.0,0.0002,0.0005,1558348020,90.36,1558336500,79.45,1558382220,0.82
Choa Chu Kang (Central),04/01/2019,3.0,0.0106,0.0463,1545373440,89.18,1545368040,76.63,1545428160,0.87
Choa Chu Kang (Central),05/04/2019,11.0,0.0028,0.0084,1553245620,91.24,1553240220,77.31,1553290200,0.82
Choa Chu Kang (Central),07/01/2019,3.0,0.0008,0.0043,1545641580,90.11,1545634980,76.19,1545681420,0.81
Choa Chu Kang (Central),07/06/2019,28.0,0.0015,0.0097,1558677540,91.6,1558682160,78.51,1558727700,0.81
Choa Chu Kang (Central),09/04/2019,1.0,0.006,0.0136,1553568840,91.68,1553584800,76.83,1553638860,0.81
Choa Chu Kang (Central),10/05/2019,3.0,0.0419,0.0997,1556269680,87.96,1556250960,77.17,1556307960,0.87
Choa Chu Kang (Central),10/06/2019,30.0,0.0089,0.0395,1558947480,91.62,1558933200,79.65,1558986900,0.83
Choa Chu Kang (Central),12/04/2019,2.0,0.0056,0.0362,1553847300,90.56,1553836080,77.46,1553898960,0.84
Choa Chu Kang (Central),13/05/2019,3.0,0.003,0.0103,1556535420,93.32,1556523780,79.88,1556567820,0.82
Choa Chu Kang (Central),14/06/2019,47.0,0.0143,0.0552,1559250060,88.44,1559278320,78.86,1559332980,0.85
Choa Chu Kang (Central),17/05/2019,9.0,0.0036,0.0226,1556873940,92.76,1556859240,80.5,1556913300,0.82
Choa Chu Kang (Central),19/06/2019,57.0,0.0045,0.0163,1559682000,89.3,1559709540,78.62,1559774580,0.84
Choa Chu Kang (Central),21/06/2019,81.0,0.009,0.0524,1559865420,86.23,1559894040,78.39,1559937300,0.88
Choa Chu Kang (Central),22/05/2019,11.0,0.0103,0.0276,1557265800,88.63,1557304020,79.43,1557347880,0.85
Choa Chu Kang (Central),24/05/2019,15.0,0.005,0.0205,1557423660,91.63,1557473220,80.22,1557518940,0.8
Choa Chu Kang (Central),26/04/2019,2.0,0.0037,0.0141,1555038420,92.7,1555053960,78.86,1555105380,0.82
Choa Chu Kang (Central),26/06/2019,116.0,0.0024,0.0188,1560297600,88.49,1560324240,81.33,1560369780,0.87
Choa Chu Kang (Central),27/05/2019,17.0,0.0089,0.0365,1557737760,90.19,1557723660,79.78,1557776940,0.83
Choa Chu Kang (Central),28/06/2019,112.0,0.0033,0.0214,1560460140,88.93,1560495480,79.24,1560545820,0.85
Choa Chu Kang (Central),29/01/2019,4.0,0.0043,0.0379,1547532000,89.1,1547537280,75.79,1547592840,0.83
Choa Chu Kang (Central),29/04/2019,1.0,0.0049,0.0439,1555308000,92.48,1555313820,78.78,1555358340,0.81
Choa Chu Kang (South),02/07/2019,39.0,0.0152,0.0824,1560815880,84.87,1560834000,79.07,1560880800,0.9
Choa Chu Kang (South),03/06/2019,6.0,0.0002,0.0005,1558347960,90.42,1558336620,79.42,1558382220,0.82
Choa Chu Kang (South),07/06/2019,25.0,0.0015,0.0099,1558677540,91.65,1558682160,78.49,1558727700,0.81
Choa Chu Kang (South),10/06/2019,27.0,0.0089,0.0402,1558947480,91.67,1558933200,79.64,1558986900,0.83
Choa Chu Kang (South),14/06/2019,30.0,0.0143,0.0542,1559250060,88.46,1559278260,78.84,1559332980,0.85
Choa Chu Kang (South),19/06/2019,59.0,0.0046,0.0159,1559682000,89.32,1559709420,78.63,1559774520,0.84
Choa Chu Kang (South),21/06/2019,75.0,0.0088,0.0514,1559865420,86.27,1559894040,78.38,1559937300,0.88
Choa Chu Kang (South),22/05/2019,1.0,0.0101,0.0272,1557284640,88.65,1557304020,79.42,1557347880,0.85
Choa Chu Kang (South),24/05/2019,4.0,0.005,0.0204,1557423660,91.66,1557473340,80.21,1557518940,0.8
Choa Chu Kang (South),25/01/2019,1.0,0.0002,0.0008,1547153940,89.21,1547182920,74.86,1547246460,0.82
Choa Chu Kang (South),26/06/2019,28.0,0.0024,0.0183,1560297600,88.54,1560324240,81.33,1560369840,0.87
Choa Chu Kang (South),27/05/2019,6.0,0.0089,0.037,1557737700,90.21,1557723660,79.77,1557776940,0.83
Choa Chu Kang (South),28/01/2019,2.0,0.0174,0.0756,1547445600,87.18,1547437260,74.95,1547505720,0.87
Choa Chu Kang (South),28/06/2019,29.0,0.0032,0.0211,1560460140,88.95,1560495480,79.21,1560545820,0.86
Choa Chu Kang (South),29/01/2019,2.0,0.0043,0.0381,1547532000,89.17,1547537340,75.77,1547592840,0.83
Clementi,02/07/2019,5.0,0.0146,0.0497,1560812640,84.55,1560830760,79.94,1560896880,0.89
Clementi,03/06/2019,10.0,0.0001,0.0003,1558348920,90.74,1558328220,80.49,1558381980,0.81
Clementi,04/01/2019,2.0,0.0098,0.037,1545382260,89.69,1545368280,77.53,1545428880,0.86
Clementi,07/01/2019,2.0,0.0005,0.0027,1545663600,89.57,1545634680,77.03,1545681300,0.8
Clementi,11/01/2019,2.0,0.0027,0.0099,1545987420,90.0,1545982260,77.56,1546036320,0.78
Clementi,14/01/2019,6.0,0.0111,0.0462,1546249680,88.97,1546242480,77.39,1546285980,0.84
Clementi,14/06/2019,3.0,0.0141,0.0787,1559250060,89.14,1559278980,79.45,1559342340,0.83
Clementi,16/04/2019,0.0,0.0094,0.04,1554142380,90.11,1554187320,76.47,1554249600,0.8
Clementi,18/01/2019,4.0,0.0024,0.0149,1546550400,90.86,1546584660,78.81,1546640640,0.77
Clementi,19/06/2019,2.0,0.0045,0.0252,1559682000,90.19,1559710140,78.91,1559774760,0.82
Clementi,21/01/2019,2.0,0.0017,0.0066,1546851480,88.7,1546842840,78.97,1546891260,0.83
Clementi,25/01/2019,8.0,0.0002,0.001,1547153880,89.24,1547183520,75.92,1547246340,0.81
Clementi,26/06/2019,2.0,0.0037,0.0295,1560297600,88.04,1560316020,81.83,1560368760,0.86
Clementi,27/05/2019,2.0,0.0088,0.0371,1557694740,90.45,1557723960,80.37,1557776640,0.81
Clementi,28/01/2019,8.0,0.0178,0.0747,1547445540,87.72,1547439300,76.01,1547505660,0.86
Clementi,28/06/2019,3.0,0.0039,0.0267,1560460080,89.09,1560494880,80.3,1560545460,0.84
Clementi,29/01/2019,13.0,0.0037,0.0324,1547532000,88.84,1547535300,76.77,1547592600,0.82
Dhoby Ghaut,03/06/2019,9.0,0.0001,0.0004,1558345440,90.57,1558328160,80.85,1558381800,0.8
Dhoby Ghaut,07/06/2019,3.0,0.0009,0.004,1558644420,90.94,1558681020,80.01,1558727760,0.78
Dhoby Ghaut,10/06/2019,6.0,0.0066,0.0327,1558969200,91.44,1558933560,80.75,1558985940,0.81
Dhoby Ghaut,14/06/2019,12.0,0.0143,0.0892,1559250060,89.01,1559279100,79.48,1559342520,0.82
Dhoby Ghaut,19/06/2019,11.0,0.0052,0.0284,1559682000,90.2,1559710500,79.29,1559774760,0.81
Dhoby Ghaut,21/06/2019,13.0,0.0146,0.0681,1559865360,85.59,1559893860,79.59,1559937060,0.86
Dhoby Ghaut,24/05/2019,1.0,0.0057,0.0248,1557427500,91.5,1557465000,81.27,1557520140,0.79
Dhoby Ghaut,27/05/2019,1.0,0.0076,0.0312,1557694740,90.35,1557731400,80.48,1557776520,0.8
East Coast Parkway,02/07/2019,4.0,0.0173,0.062,1560815520,86.11,1560833820,80.03,1560887940,0.87
East Coast Parkway,04/01/2019,2.0,0.0154,0.0547,1545382560,89.24,1545368220,78.82,1545429540,0.85
East Coast Parkway,07/06/2019,10.0,0.0009,0.0028,1558677000,90.95,1558681140,80.91,1558728120,0.78
East Coast Parkway,10/06/2019,16.0,0.006,0.0306,1558969200,91.59,1558933380,81.45,1558984620,0.81
East Coast Parkway,14/06/2019,21.0,0.0145,0.0927,1559250000,89.15,1559279040,79.73,1559342580,0.82
East Coast Parkway,18/01/2019,2.0,0.0016,0.009,1546549740,90.39,1546585140,79.71,1546638540,0.76
East Coast Parkway,19/06/2019,18.0,0.006,0.0285,1559682060,90.35,1559710680,79.99,1559774520,0.81
East Coast Parkway,21/01/2019,2.0,0.0008,0.0025,1546851480,88.86,1546841100,79.87,1546891320,0.82
East Coast Parkway,21/06/2019,8.0,0.0146,0.0563,1559865360,85.88,1559893920,79.92,1559937060,0.86
East Coast Parkway,22/05/2019,1.0,0.0251,0.06,1557284820,88.33,1557305100,80.7,1557346800,0.84
East Coast Parkway,24/05/2019,1.0,0.0062,0.0288,1557428040,91.49,1557464880,81.7,1557519120,0.79
East Coast Parkway,25/01/2019,1.0,0.0003,0.0017,1547153520,88.91,1547183760,77.52,1547246700,0.81
East Coast Parkway,26/06/2019,12.0,0.0061,0.0386,1560268800,88.11,1560319920,82.1,1560365940,0.85
East Coast Parkway,27/05/2019,2.0,0.0065,0.0219,1557694740,90.55,1557723960,80.93,1557776580,0.8
East Coast Parkway,28/06/2019,4.0,0.0036,0.0193,1560460140,89.09,1560494700,81.4,1560545400,0.83
East Coast Parkway,29/01/2019,1.0,0.0026,0.0228,1547532000,88.75,1547534820,78.36,1547592240,0.8
Jurong (North),03/04/2019,1.0,0.0002,0.0006,1553078340,92.02,1553064960,77.63,1553117940,0.77
Jurong (North),04/01/2019,32.0,0.0095,0.0355,1545375900,89.82,1545368280,77.27,1545428640,0.86
Jurong (North),05/04/2019,3.0,0.0024,0.0076,1553202120,91.27,1553239020,77.77,1553290860,0.81
Jurong (North),07/01/2019,34.0,0.0006,0.0027,1545641580,89.83,1545634740,76.82,1545681300,0.8
Jurong (North),11/01/2019,37.0,0.0027,0.0109,1545987420,90.18,1545978960,77.35,1546036080,0.78
Jurong (North),14/01/2019,38.0,0.0113,0.047,1546249740,89.23,1546242480,77.14,1546286040,0.85
Jurong (North),18/01/2019,45.0,0.0023,0.0144,1546550460,91.17,1546584660,78.58,1546640580,0.77
Jurong (North),18/04/2019,1.0,0.0107,0.0744,1554357660,90.73,1554353400,77.27,1554408840,0.83
Jurong (North),21/01/2019,43.0,0.0019,0.0074,1546851360,88.77,1546843140,78.85,1546891140,0.84
Jurong (North),23/04/2019,1.0,0.0142,0.07,1554796740,91.25,1554786060,78.0,1554842700,0.84
Jurong (North),25/01/2019,7.0,0.0003,0.0014,1547153940,89.45,1547183400,75.6,1547246400,0.81
Jurong (North),28/01/2019,6.0,0.0175,0.0749,1547445600,87.78,1547439360,75.73,1547505660,0.86
Jurong (North),29/01/2019,4.0,0.0039,0.034,1547532000,88.99,1547535480,76.47,1547592720,0.82
Kent Ridge,03/06/2019,3.0,0.0001,0.0003,1558349280,90.35,1558328100,80.71,1558381680,0.8
Khatib,04/01/2019,2.0,0.0132,0.0491,1545375720,88.84,1545367200,76.89,1545428880,0.88
Khatib,06/05/2019,2.0,0.0158,0.0418,1555922100,90.82,1555907700,78.82,1555964880,0.82
Khatib,07/01/2019,3.0,0.0012,0.005,1545641580,89.84,1545632580,76.44,1545688440,0.81
Khatib,07/06/2019,3.0,0.0014,0.0096,1558677540,92.08,1558683660,79.33,1558725960,0.8
Khatib,09/04/2019,2.0,0.0041,0.0087,1553611260,91.6,1553586240,77.25,1553637480,0.8
Khatib,10/05/2019,5.0,0.0494,0.1185,1556270400,87.6,1556252940,77.13,1556308140,0.87
Khatib,10/06/2019,4.0,0.0092,0.0465,1558947540,92.01,1558933200,79.45,1558987380,0.83
Khatib,11/01/2019,8.0,0.0052,0.0235,1545987060,90.45,1545980340,76.7,1546037040,0.78
Khatib,12/04/2019,3.0,0.0058,0.0385,1553847300,90.65,1553842020,78.01,1553896680,0.83
Khatib,13/05/2019,5.0,0.006,0.0246,1556535420,92.98,1556523600,79.47,1556567820,0.83
Khatib,14/01/2019,10.0,0.0101,0.0407,1546247460,88.87,1546239540,76.6,1546293780,0.85
Khatib,14/06/2019,4.0,0.0151,0.056,1559250060,88.94,1559276460,78.51,1559333400,0.85
Khatib,16/04/2019,5.0,0.0149,0.0399,1554196320,90.25,1554184560,75.39,1554249060,0.83
Khatib,17/05/2019,3.0,0.0063,0.0439,1556874060,93.25,1556858760,80.18,1556913240,0.83
Khatib,18/01/2019,17.0,0.0013,0.0054,1546550100,91.36,1546585680,77.83,1546640160,0.75
Khatib,18/04/2019,5.0,0.0123,0.0678,1554357840,90.37,1554352200,77.17,1554408060,0.83
Khatib,19/06/2019,11.0,0.0064,0.0142,1559735820,89.5,1559708700,78.75,1559775000,0.85
Khatib,21/01/2019,19.0,0.0011,0.0045,1546851060,88.93,1546846080,78.49,1546890600,0.83
Khatib,21/06/2019,11.0,0.0083,0.0404,1559865480,86.06,1559891520,77.76,1559937480,0.89
Khatib,23/04/2019,3.0,0.0123,0.0559,1554796920,91.28,1554785820,78.16,1554840720,0.84
Khatib,25/01/2019,26.0,0.0002,0.0009,1547153760,89.17,1547182920,75.21,1547246040,0.81
Khatib,26/04/2019,5.0,0.004,0.0106,1555038840,92.0,1555053660,78.81,1555106400,0.82
Khatib,26/06/2019,2.0,0.0029,0.0172,1560268800,88.96,1560324300,81.01,1560365340,0.87
Khatib,28/01/2019,29.0,0.019,0.0766,1547445660,86.99,1547438460,75.6,1547505720,0.87
Khatib,29/01/2019,20.0,0.0041,0.0366,1547531940,89.93,1547536980,76.71,1547592840,0.82
Khatib,29/04/2019,5.0,0.0044,0.0395,1555308000,93.27,1555314300,79.49,1555358280,0.81
Lim Chu Kang,03/06/2019,1.0,0.0002,0.0006,1558347360,91.06,1558338420,78.93,1558382160,0.83
Marina Barrage,03/06/2019,15.0,0.0001,0.0003,1558348200,90.18,1558327860,82.42,1558381920,0.8
Marine Parade,02/07/2019,15.0,0.0196,0.0488,1560812160,84.98,1560829560,80.25,1560887460,0.88
Marine Parade,03/04/2019,1.0,0.0002,0.0025,1553094000,91.82,1553058780,78.91,1553118480,0.76
Marine Parade,03/05/2019,11.0,0.0103,0.0541,1555685880,92.43,1555650420,80.63,1555705740,0.77
Marine Parade,03/06/2019,43.0,0.0002,0.0005,1558344840,90.69,1558328220,81.03,1558381860,0.8
Marine Parade,04/01/2019,3.0,0.0144,0.0519,1545382560,89.36,1545368280,78.54,1545429600,0.85
Marine Parade,05/04/2019,2.0,0.0025,0.0117,1553234460,91.13,1553236860,78.89,1553293320,0.8
Marine Parade,06/05/2019,10.0,0.0157,0.0401,1555934040,91.32,1555907940,80.27,1555964040,0.8
Marine Parade,07/01/2019,3.0,0.0006,0.0038,1545663600,89.42,1545632460,77.96,1545681900,0.79
Marine Parade,07/06/2019,173.0,0.0009,0.003,1558644660,91.0,1558680960,80.51,1558728060,0.78
Marine Parade,09/04/2019,2.0,0.0051,0.0116,1553549460,91.4,1553580060,79.31,1553639340,0.8
Marine Parade,10/05/2019,32.0,0.0418,0.0859,1556264760,87.74,1556253180,79.15,1556307720,0.85
Marine Parade,10/06/2019,193.0,0.0062,0.0312,1558969200,91.58,1558933500,81.13,1558984980,0.81
Marine Parade,12/04/2019,3.0,0.0042,0.0234,1553849520,89.84,1553837880,79.49,1553898840,0.82
Marine Parade,13/05/2019,37.0,0.0037,0.0155,1556536500,92.72,1556520720,81.14,1556567760,0.81
Marine Parade,14/01/2019,6.0,0.0091,0.0369,1546247580,87.96,1546232580,78.06,1546291320,0.84
Marine Parade,14/06/2019,234.0,0.0144,0.0917,1559250060,89.15,1559279100,79.51,1559342580,0.82
Marine Parade,16/04/2019,3.0,0.0129,0.0489,1554142920,90.12,1554182280,76.66,1554249600,0.79
Marine Parade,17/05/2019,42.0,0.0046,0.0242,1556874060,92.69,1556859600,81.93,1556913180,0.79
Marine Parade,18/01/2019,8.0,0.0017,0.0102,1546549860,90.43,1546584840,79.43,1546640580,0.76
Marine Parade,18/04/2019,3.0,0.0079,0.0438,1554357780,90.78,1554353940,78.66,1554408720,0.81
Marine Parade,19/06/2019,296.0,0.0057,0.0286,1559682060,90.37,1559710680,79.65,1559774580,0.81
Marine Parade,21/01/2019,9.0,0.0009,0.0032,1546851480,88.86,1546841340,79.54,1546891380,0.82
Marine Parade,21/06/2019,247.0,0.0146,0.0603,1559865360,85.83,1559893800,79.79,1559937120,0.86
Marine Parade,22/05/2019,50.0,0.0236,0.0558,1557284820,88.42,1557304980,80.46,1557347040,0.84
Marine Parade,24/05/2019,57.0,0.006,0.0275,1557427980,91.54,1557464940,81.49,1557519480,0.79
Marine Parade,25/01/2019,8.0,0.0003,0.0016,1547153580,88.97,1547183760,77.19,1547246760,0.81
Marine Parade,26/04/2019,4.0,0.0035,0.0097,1555013100,90.92,1555054200,80.61,1555099800,0.8
Marine Parade,26/06/2019,18.0,0.0058,0.0354,1560268800,88.02,1560319920,82.01,1560365820,0.85
Marine Parade,27/05/2019,57.0,0.0068,0.0251,1557694740,90.53,1557730800,80.65,1557776580,0.8
Marine Parade,28/01/2019,8.0,0.0192,0.0652,1547445660,87.45,1547439780,77.05,1547505660,0.84
Marine Parade,28/06/2019,17.0,0.0036,0.0206,1560460140,89.1,1560494700,81.15,1560545100,0.84
Marine Parade,29/04/2019,2.0,0.0018,0.0158,1555308000,92.48,1555310280,80.22,1555358160,0.79
Newton,03/06/2019,13.0,0.0001,0.0004,1558345560,90.56,1558328160,80.67,1558381860,0.8
Newton,10/06/2019,2.0,0.0069,0.0329,1558969200,91.43,1558933500,80.62,1558986000,0.81
Newton,14/06/2019,4.0,0.0143,0.0866,1559250060,88.99,1559278980,79.4,1559342460,0.83
Newton,19/06/2019,2.0,0.0052,0.0272,1559682000,90.11,1559710440,79.21,1559774760,0.81
Newton,25/01/2019,3.0,0.0002,0.0013,1547153700,88.85,1547183520,76.58,1547246460,0.81
Newton,26/06/2019,3.0,0.0049,0.0318,1560297600,87.87,1560324060,81.79,1560365640,0.85
Newton,28/01/2019,2.0,0.0186,0.0696,1547445600,87.44,1547439360,76.53,1547505660,0.85
Newton,29/01/2019,3.0,0.0032,0.0275,1547532000,88.52,1547535120,77.42,1547592480,0.81
Nicoll Highway,02/07/2019,1.0,0.0164,0.0626,1560815580,86.2,1560833940,79.92,1560889980,0.87
Nicoll Highway,03/04/2019,2.0,0.0002,0.0019,1553094000,91.91,1553058900,78.71,1553118420,0.77
Nicoll Highway,03/05/2019,2.0,0.0099,0.0558,1555685940,92.49,1555650420,80.53,1555706340,0.77
Nicoll Highway,03/06/2019,41.0,0.0001,0.0005,1558345080,90.72,1558328220,81.0,1558381860,0.8
Nicoll Highway,05/04/2019,1.0,0.0024,0.0099,1553234460,91.14,1553236860,78.7,1553293320,0.8
Nicoll Highway,06/05/2019,3.0,0.0164,0.0468,1555934040,91.21,1555908120,80.21,1555964160,0.8
Nicoll Highway,07/06/2019,127.0,0.0009,0.0035,1558644660,91.13,1558681020,80.3,1558727880,0.79
Nicoll Highway,10/05/2019,10.0,0.0399,0.082,1556264820,88.18,1556253060,79.05,1556307780,0.85
Nicoll Highway,10/06/2019,132.0,0.0065,0.0321,1558969200,91.68,1558933560,81.01,1558985820,0.81
Nicoll Highway,13/05/2019,13.0,0.0032,0.0134,1556536740,92.77,1556520960,81.07,1556567760,0.81
Nicoll Highway,14/06/2019,150.0,0.0143,0.0897,1559250060,89.17,1559279100,79.55,1559342520,0.83
Nicoll Highway,17/05/2019,19.0,0.0042,0.0212,1556874060,92.81,1556859600,81.9,1556913180,0.79
Nicoll Highway,19/06/2019,152.0,0.0054,0.0282,1559682000,90.38,1559710560,79.49,1559774700,0.81
Nicoll Highway,21/06/2019,68.0,0.0145,0.0648,1559865360,85.79,1559893800,79.75,1559937120,0.86
Nicoll Highway,22/05/2019,17.0,0.0214,0.0496,1557284820,88.56,1557304920,80.45,1557347220,0.84
Nicoll Highway,24/05/2019,31.0,0.0058,0.0257,1557427740,91.62,1557465000,81.44,1557519840,0.79
Nicoll Highway,27/05/2019,32.0,0.0073,0.0287,1557694740,90.55,1557731520,80.68,1557776580,0.8
Nicoll Highway,28/01/2019,2.0,0.0189,0.0675,1547445660,87.56,1547439420,76.9,1547505660,0.85
Nicoll Highway,28/06/2019,1.0,0.0024,0.0111,1560460140,89.23,1560494400,81.25,1560541500,0.84
Nicoll Highway,29/01/2019,1.0,0.003,0.0257,1547532000,88.8,1547535000,77.76,1547592420,0.81
Pasir Panjang,03/06/2019,1.0,0.0001,0.0002,1558349820,90.53,1558327980,81.67,1558381500,0.8
Pasir Panjang,04/01/2019,3.0,0.0101,0.041,1545382800,89.59,1545368460,78.67,1545429240,0.85
Pasir Panjang,07/01/2019,4.0,0.0003,0.0027,1545663600,89.36,1545636600,78.11,1545681180,0.79
Pasir Panjang,07/06/2019,3.0,0.0009,0.0049,1558644780,91.21,1558681080,80.39,1558727520,0.79
Pasir Panjang,11/01/2019,9.0,0.0024,0.0098,1545998880,89.92,1545982620,78.6,1546036800,0.78
Pasir Panjang,14/01/2019,11.0,0.0108,0.0444,1546250100,88.49,1546242660,78.49,1546285260,0.84
Pasir Panjang,18/01/2019,12.0,0.0026,0.0168,1546550280,90.39,1546584720,79.9,1546641180,0.77
Pasir Panjang,19/06/2019,2.0,0.0045,0.0308,1559682000,89.45,1559710200,79.63,1559775000,0.81
Pasir Panjang,21/01/2019,12.0,0.0017,0.006,1546851600,88.75,1546843200,79.89,1546891740,0.83
Pasir Panjang,21/06/2019,3.0,0.0158,0.0828,1559865360,85.35,1559894460,80.31,1559936880,0.85
Pasir Panjang,25/01/2019,6.0,0.0002,0.0012,1547153820,89.14,1547188980,77.11,1547246340,0.81
Pasir Panjang,28/01/2019,19.0,0.0181,0.0718,1547445540,87.64,1547439300,77.19,1547505660,0.85
Pasir Panjang,29/01/2019,21.0,0.0032,0.0278,1547532000,88.72,1547534940,77.9,1547592480,0.81
Pasir Ris (Central),02/07/2019,55.0,0.0188,0.0516,1560812640,84.35,1560830520,79.85,1560887520,0.88
Pasir Ris (Central),03/05/2019,2.0,0.0151,0.0557,1555665540,92.41,1555649340,80.13,1555710960,0.78
Pasir Ris (Central),03/06/2019,12.0,0.0003,0.0013,1558344660,91.07,1558328340,80.34,1558382160,0.8
Pasir Ris (Central),04/01/2019,4.0,0.0159,0.0586,1545382080,89.01,1545366360,77.8,1545429960,0.85
Pasir Ris (Central),05/04/2019,1.0,0.0036,0.0216,1553234460,91.37,1553231400,78.7,1553291520,0.79
Pasir Ris (Central),06/05/2019,2.0,0.0147,0.0327,1555913760,91.68,1555905600,79.6,1555963320,0.8
Pasir Ris (Central),07/01/2019,3.0,0.0012,0.0043,1545663480,89.87,1545631260,77.38,1545683760,0.8
Pasir Ris (Central),07/06/2019,108.0,0.001,0.0045,1558677420,91.61,1558680300,80.47,1558728780,0.77
Pasir Ris (Central),09/04/2019,1.0,0.0035,0.0104,1553550720,91.76,1553580120,79.04,1553640000,0.79
Pasir Ris (Central),10/05/2019,3.0,0.0504,0.1079,1556265960,84.63,1556253900,78.04,1556308020,0.88
Pasir Ris (Central),10/06/2019,121.0,0.0076,0.0343,1558947540,91.96,1558933260,81.09,1558983720,0.81
Pasir Ris (Central),12/04/2019,1.0,0.0052,0.0305,1553848800,90.59,1553841840,78.82,1553899800,0.81
Pasir Ris (Central),13/05/2019,4.0,0.0073,0.0324,1556535780,92.74,1556514360,80.45,1556568120,0.81
Pasir Ris (Central),14/01/2019,2.0,0.0089,0.0322,1546246860,88.14,1546232400,77.14,1546296300,0.85
Pasir Ris (Central),14/06/2019,158.0,0.0155,0.0821,1559250000,89.66,1559278620,79.05,1559342280,0.82
Pasir Ris (Central),17/05/2019,4.0,0.0078,0.0514,1556874120,92.33,1556859360,81.25,1556913300,0.81
Pasir Ris (Central),18/01/2019,10.0,0.0014,0.0057,1546581600,90.79,1546587660,78.95,1546637520,0.75
Pasir Ris (Central),19/06/2019,179.0,0.0079,0.021,1559735760,90.14,1559710620,79.81,1559771880,0.82
Pasir Ris (Central),21/01/2019,10.0,0.0006,0.0017,1546851180,89.14,1546838160,79.21,1546891080,0.81
Pasir Ris (Central),21/06/2019,196.0,0.0123,0.0462,1559865420,85.4,1559894280,78.86,1559937300,0.88
Pasir Ris (Central),22/05/2019,2.0,0.0197,0.0482,1557284640,87.98,1557302820,79.8,1557345900,0.85
Pasir Ris (Central),24/05/2019,2.0,0.0055,0.0256,1557427500,91.89,1557464520,80.95,1557518520,0.78
Pasir Ris (Central),25/01/2019,10.0,0.0003,0.0017,1547153580,89.11,1547183160,76.6,1547246880,0.8
Pasir Ris (Central),26/06/2019,68.0,0.0053,0.036,1560268800,88.01,1560319500,81.58,1560366900,0.86
Pasir Ris (Central),27/05/2019,3.0,0.0073,0.0307,1557737340,91.02,1557723360,80.08,1557776760,0.81
Pasir Ris (Central),28/01/2019,10.0,0.0206,0.0712,1547445660,87.03,1547441700,76.65,1547505660,0.84
Pasir Ris (Central),28/06/2019,27.0,0.0027,0.0108,1560460020,89.47,1560488580,81.21,1560541680,0.83
Punggol,02/07/2019,21.0,0.0164,0.0769,1560815820,85.66,1560827040,79.16,1560888180,0.88
Punggol,03/06/2019,2.0,0.0003,0.0014,1558344840,90.64,1558328340,79.5,1558382280,0.81
Punggol,07/06/2019,10.0,0.0011,0.0064,1558677540,91.89,1558683300,79.98,1558728900,0.78
Punggol,10/06/2019,6.0,0.0085,0.0407,1558947540,91.88,1558933620,80.38,1558986540,0.82
Punggol,11/01/2019,3.0,0.0064,0.0251,1545986820,90.17,1545974220,77.29,1546036860,0.78
Punggol,14/01/2019,5.0,0.0095,0.0347,1546247040,88.03,1546235100,76.85,1546293900,0.85
Punggol,14/06/2019,14.0,0.0155,0.0715,1559250060,89.19,1559277840,78.68,1559342160,0.84
Punggol,17/05/2019,2.0,0.0078,0.0525,1556874120,92.89,1556859000,80.71,1556913300,0.82
Punggol,18/01/2019,2.0,0.0014,0.0058,1546581600,91.07,1546584720,78.38,1546638900,0.75
Punggol,19/06/2019,11.0,0.0076,0.0198,1559735760,89.64,1559710140,79.32,1559774160,0.84
Punggol,21/01/2019,2.0,0.0008,0.0027,1546851120,88.91,1546838400,78.91,1546890960,0.82
Punggol,21/06/2019,4.0,0.0106,0.0441,1559865480,86.21,1559892060,78.43,1559937480,0.88
Punggol,22/05/2019,2.0,0.0153,0.0386,1557284580,88.21,1557303780,79.28,1557347100,0.85
Punggol,24/05/2019,3.0,0.0052,0.0229,1557426840,91.61,1557471900,80.42,1557518700,0.79
Punggol,26/06/2019,11.0,0.0042,0.0282,1560268800,88.64,1560319860,81.26,1560365580,0.86
Punggol,27/05/2019,3.0,0.008,0.0367,1557737400,91.03,1557723480,79.69,1557776880,0.82
Punggol,28/06/2019,11.0,0.0039,0.0226,1560459960,89.86,1560494880,79.93,1560546720,0.84
Queenstown,03/06/2019,4.0,0.0001,0.0003,1558349220,90.43,1558328100,80.74,1558381740,0.8
Queenstown,04/01/2019,1.0,0.0102,0.0399,1545382620,89.32,1545368280,77.85,1545428940,0.85
Queenstown,07/01/2019,2.0,0.0004,0.0027,1545663600,89.03,1545634620,77.22,1545681120,0.79
Queenstown,11/01/2019,4.0,0.0026,0.0094,1545998880,89.53,1545982560,77.82,1546036440,0.78
Queenstown,14/01/2019,2.0,0.0109,0.0446,1546249740,88.41,1546242540,77.63,1546285620,0.84
Queenstown,18/01/2019,5.0,0.0025,0.0157,1546550280,90.26,1546584660,79.05,1546640820,0.77
Queenstown,21/01/2019,5.0,0.0017,0.0061,1546851540,88.36,1546842360,78.95,1546891260,0.83
Queenstown,25/01/2019,7.0,0.0002,0.0011,1547153880,88.73,1547183700,76.32,1547246280,0.81
Queenstown,28/01/2019,7.0,0.0181,0.0728,1547445540,87.46,1547439420,76.37,1547505660,0.85
Queenstown,29/01/2019,5.0,0.0034,0.0295,1547532000,88.34,1547535060,77.12,1547592480,0.81
Sentosa Island,07/06/2019,2.0,0.0008,0.0048,1558644780,90.66,1558681140,80.48,1558727400,0.78
Sentosa Island,14/06/2019,5.0,0.0139,0.1017,1559250060,88.85,1559285460,80.01,1559342640,0.81
Simei,02/07/2019,17.0,0.0174,0.0663,1560815640,85.55,1560833820,79.56,1560887700,0.87
Simei,03/05/2019,8.0,0.0131,0.0459,1555665480,92.49,1555649940,80.44,1555710720,0.77
Simei,03/06/2019,53.0,0.0002,0.001,1558344660,90.87,1558328280,80.68,1558381980,0.8
Simei,04/01/2019,49.0,0.0161,0.0581,1545382320,88.99,1545367440,78.23,1545429840,0.85
Simei,06/05/2019,8.0,0.0146,0.0276,1555913520,91.52,1555906260,79.94,1555963500,0.8
Simei,07/01/2019,33.0,0.001,0.0043,1545663600,89.56,1545631500,77.7,1545683700,0.79
Simei,07/06/2019,64.0,0.0009,0.0035,1558677240,91.15,1558680360,80.65,1558728600,0.77
Simei,10/05/2019,16.0,0.0479,0.1004,1556265300,85.75,1556253900,78.59,1556307840,0.87
Simei,10/06/2019,69.0,0.0068,0.0312,1558969200,91.64,1558933320,81.18,1558983600,0.8
Simei,11/01/2019,52.0,0.0053,0.0182,1545986880,89.76,1545975060,78.17,1546030920,0.78
Simei,13/05/2019,8.0,0.006,0.0262,1556535960,92.88,1556514360,80.8,1556568000,0.81
Simei,14/01/2019,82.0,0.0086,0.0331,1546246980,88.02,1546232400,77.51,1546296180,0.85
Simei,14/06/2019,85.0,0.0151,0.088,1559250000,89.38,1559278920,79.24,1559342400,0.82
Simei,17/05/2019,18.0,0.0066,0.0411,1556874120,92.36,1556859600,81.57,1556913240,0.8
Simei,18/01/2019,101.0,0.0014,0.0064,1546549560,90.46,1546587240,79.21,1546637880,0.75
Simei,19/06/2019,94.0,0.0071,0.0245,1559682060,90.2,1559710740,79.9,1559773500,0.82
Simei,21/01/2019,103.0,0.0006,0.0017,1546851360,88.96,1546838700,79.36,1546891200,0.81
Simei,21/06/2019,138.0,0.0135,0.0493,1559865360,85.54,1559894160,79.28,1559937180,0.87
Simei,22/05/2019,17.0,0.0231,0.0563,1557284760,88.0,1557303240,80.12,1557346020,0.84
Simei,23/04/2019,2.0,0.0114,0.0381,1554797940,90.81,1554786480,79.82,1554842820,0.81
Simei,24/05/2019,8.0,0.0059,0.0278,1557427860,91.72,1557464640,81.22,1557518700,0.78
Simei,25/01/2019,116.0,0.0003,0.0017,1547153520,88.91,1547183280,77.0,1547246880,0.8
Simei,26/04/2019,3.0,0.0037,0.0107,1555013100,91.2,1555045620,80.0,1555099260,0.8
Simei,26/06/2019,48.0,0.0058,0.039,1560268800,88.0,1560319560,81.73,1560366420,0.85
Simei,27/05/2019,11.0,0.0067,0.0243,1557737460,90.77,1557723660,80.33,1557776640,0.81
Simei,28/01/2019,102.0,0.0202,0.0667,1547445720,87.1,1547441400,76.94,1547505660,0.84
Simei,28/06/2019,42.0,0.0027,0.0099,1560460140,89.14,1560488940,81.31,1560541680,0.83
Simei,29/01/2019,114.0,0.0027,0.0242,1547532000,88.93,1547537880,78.0,1547584440,0.8
Simei,29/04/2019,3.0,0.0017,0.0152,1555308000,92.81,1555308840,80.33,1555358100,0.79
Somerset (Road),02/07/2019,4.0,0.0159,0.0629,1560815580,86.08,1560833940,79.7,1560890580,0.87
Somerset (Road),03/06/2019,1.0,0.0001,0.0004,1558346760,90.5,1558328160,80.77,1558381800,0.8
Somerset (Road),07/06/2019,2.0,0.001,0.0038,1558644720,90.88,1558681020,79.89,1558727700,0.79
Somerset (Road),10/06/2019,4.0,0.0067,0.0329,1558969200,91.35,1558933560,80.65,1558986000,0.81
Somerset (Road),14/06/2019,8.0,0.0143,0.0884,1559250060,88.94,1559279100,79.44,1559342460,0.82
Somerset (Road),19/06/2019,6.0,0.0051,0.0281,1559682000,90.11,1559710440,79.22,1559774760,0.81
Somerset (Road),21/06/2019,6.0,0.0145,0.0688,1559865360,85.52,1559893860,79.5,1559937060,0.86
Somerset (Road),25/01/2019,3.0,0.0002,0.0013,1547153700,88.79,1547183580,76.65,1547246400,0.81
Somerset (Road),26/06/2019,2.0,0.005,0.033,1560297600,87.79,1560324240,81.82,1560365400,0.85
Somerset (Road),28/01/2019,3.0,0.0186,0.0693,1547445600,87.43,1547439360,76.61,1547505660,0.85
Somerset (Road),28/06/2019,2.0,0.0038,0.0239,1560460080,88.9,1560494820,80.77,1560544860,0.84
Somerset (Road),29/01/2019,3.0,0.0031,0.0271,1547532000,88.44,1547535060,77.45,1547592420,0.81
Tanjong Katong,02/07/2019,40.0,0.017,0.0625,1560815580,86.1,1560833880,79.88,1560888180,0.87
Tanjong Katong,03/04/2019,1.0,0.0002,0.0025,1553094000,91.83,1553058780,78.94,1553118540,0.76
Tanjong Katong,03/05/2019,1.0,0.0106,0.0529,1555685880,92.44,1555650360,80.62,1555705500,0.77
Tanjong Katong,03/06/2019,23.0,0.0002,0.0006,1558344780,90.72,1558328280,80.98,1558381860,0.8
Tanjong Katong,05/04/2019,2.0,0.0026,0.0124,1553234460,91.14,1553236860,78.92,1553293320,0.8
Tanjong Katong,06/05/2019,1.0,0.0155,0.0378,1555934040,91.35,1555907820,80.24,1555963980,0.8
Tanjong Katong,07/01/2019,1.0,0.0007,0.0039,1545663600,89.44,1545632340,77.98,1545682020,0.79
Tanjong Katong,07/06/2019,128.0,0.0009,0.0029,1558677120,91.01,1558680900,80.54,1558728120,0.78
Tanjong Katong,09/04/2019,3.0,0.0049,0.0115,1553549580,91.42,1553579880,79.32,1553639340,0.79
Tanjong Katong,10/05/2019,6.0,0.0426,0.0878,1556264820,87.52,1556253240,79.1,1556307720,0.86
Tanjong Katong,10/06/2019,127.0,0.0062,0.0311,1558969200,91.58,1558933500,81.13,1558984440,0.8
Tanjong Katong,12/04/2019,3.0,0.0042,0.0234,1553849460,89.85,1553839740,79.5,1553898660,0.82
Tanjong Katong,13/05/2019,9.0,0.0039,0.0167,1556536440,92.72,1556520660,81.12,1556567760,0.81
Tanjong Katong,14/06/2019,166.0,0.0145,0.0913,1559250060,89.17,1559279100,79.48,1559342520,0.82
Tanjong Katong,16/04/2019,5.0,0.0133,0.0489,1554142980,90.18,1554182280,76.6,1554249600,0.79
Tanjong Katong,17/05/2019,19.0,0.0048,0.026,1556874060,92.67,1556859600,81.89,1556913180,0.79
Tanjong Katong,18/04/2019,6.0,0.0079,0.0426,1554357780,90.76,1554353940,78.65,1554408660,0.81
Tanjong Katong,19/06/2019,178.0,0.0058,0.0281,1559682060,90.37,1559710740,79.7,1559774460,0.81
Tanjong Katong,21/06/2019,189.0,0.0145,0.0585,1559865360,85.86,1559893800,79.76,1559937120,0.86
Tanjong Katong,22/05/2019,18.0,0.0238,0.0565,1557284820,88.39,1557304920,80.43,1557346980,0.84
Tanjong Katong,24/05/2019,19.0,0.006,0.0277,1557427980,91.56,1557464940,81.46,1557519300,0.79
Tanjong Katong,25/01/2019,3.0,0.0003,0.0016,1547153580,88.97,1547183640,77.2,1547246760,0.81
Tanjong Katong,26/06/2019,72.0,0.0058,0.0361,1560268800,88.07,1560319680,81.98,1560365880,0.85
Tanjong Katong,27/05/2019,21.0,0.0068,0.0237,1557694740,90.57,1557723960,80.63,1557776580,0.8
Tanjong Katong,28/01/2019,2.0,0.0193,0.0651,1547445660,87.43,1547439960,77.04,1547505660,0.84
Tanjong Katong,28/06/2019,67.0,0.0036,0.0202,1560460140,89.13,1560494700,81.13,1560545220,0.83
Tanjong Katong,29/01/2019,5.0,0.0027,0.0238,1547532000,88.74,1547534760,77.99,1547592300,0.8
Toa Payoh,02/07/2019,46.0,0.0162,0.0684,1560815700,85.99,1560833940,79.62,1560889260,0.88
Toa Payoh,03/04/2019,7.0,0.0002,0.0015,1553094000,91.87,1553059200,78.41,1553118720,0.76
Toa Payoh,03/05/2019,3.0,0.0117,0.0497,1555685940,92.35,1555650240,80.05,1555705440,0.78
Toa Payoh,03/06/2019,20.0,0.0002,0.0007,1558345200,90.86,1558328280,80.4,1558382100,0.8
Toa Payoh,05/04/2019,8.0,0.0028,0.0116,1553234460,91.25,1553237100,78.31,1553291340,0.8
Toa Payoh,06/05/2019,3.0,0.0163,0.0414,1555933920,91.13,1555907700,79.75,1555963800,0.81
Toa Payoh,07/06/2019,40.0,0.001,0.0047,1558677480,91.37,1558681020,79.92,1558728000,0.78
Toa Payoh,09/04/2019,6.0,0.0053,0.0107,1553549040,91.6,1553580900,78.49,1553638740,0.8
Toa Payoh,10/05/2019,9.0,0.0424,0.0894,1556265840,87.79,1556252760,78.42,1556308020,0.86
Toa Payoh,10/06/2019,56.0,0.0073,0.0327,1558969200,91.87,1558933500,80.67,1558986060,0.81
Toa Payoh,11/01/2019,3.0,0.004,0.0144,1545987180,89.88,1545977820,77.74,1546036440,0.78
Toa Payoh,12/04/2019,7.0,0.0049,0.0285,1553848800,90.54,1553839320,78.73,1553898720,0.82
Toa Payoh,13/05/2019,9.0,0.0041,0.017,1556536140,92.85,1556521140,80.64,1556567880,0.81
Toa Payoh,14/01/2019,4.0,0.0098,0.039,1546247820,88.11,1546232940,77.63,1546292220,0.85
Toa Payoh,14/06/2019,83.0,0.0146,0.0808,1559250060,89.32,1559278800,79.26,1559342340,0.83
Toa Payoh,16/04/2019,9.0,0.0128,0.0431,1554142800,90.35,1554184980,76.3,1554249600,0.8
Toa Payoh,17/05/2019,16.0,0.0049,0.0283,1556874060,92.97,1556859360,81.4,1556913240,0.8
Toa Payoh,18/01/2019,7.0,0.0018,0.01,1546550040,90.81,1546584780,78.9,1546638960,0.76
Toa Payoh,18/04/2019,2.0,0.0093,0.0546,1554357720,90.58,1554352020,77.99,1554408540,0.81
Toa Payoh,19/06/2019,93.0,0.0057,0.0239,1559682000,90.27,1559710440,79.3,1559774520,0.82
Toa Payoh,21/01/2019,8.0,0.0011,0.0041,1546851420,88.85,1546841460,79.19,1546891200,0.82
Toa Payoh,21/06/2019,110.0,0.0129,0.0588,1559865360,85.97,1559893260,79.24,1559937300,0.87
Toa Payoh,22/05/2019,18.0,0.0183,0.0435,1557284700,88.56,1557304440,80.0,1557347340,0.84
Toa Payoh,24/05/2019,18.0,0.0056,0.024,1557427260,91.83,1557464820,81.0,1557519120,0.79
Toa Payoh,25/01/2019,8.0,0.0002,0.0013,1547153700,89.23,1547183400,76.42,1547246640,0.81
Toa Payoh,26/04/2019,4.0,0.0035,0.0079,1555038360,91.48,1555053180,80.07,1555105440,0.8
Toa Payoh,26/06/2019,108.0,0.0047,0.0276,1560297600,88.27,1560319920,81.77,1560366780,0.86
Toa Payoh,27/05/2019,17.0,0.0077,0.0256,1557737700,90.81,1557723780,80.33,1557776700,0.81
Toa Payoh,28/06/2019,102.0,0.0037,0.0225,1560460080,89.34,1560494760,80.48,1560545760,0.84
Toa Payoh,29/04/2019,5.0,0.0027,0.0239,1555308000,92.74,1555313520,79.83,1555358280,0.79
Tuas,14/06/2019,1.0,0.0145,0.0628,1559250480,88.48,1559278920,81.1,1559342400,0.83
Tuas South,03/06/2019,5.0,0.0001,0.0002,1558350000,89.44,1558328400,82.53,1558381860,0.81
Tuas South,14/06/2019,1.0,0.0145,0.0588,1559250480,87.87,1559285100,81.27,1559342760,0.84
Tuas West,03/06/2019,8.0,0.0001,0.0002,1558349460,89.63,1558336620,81.96,1558382040,0.81
Upper Thomson,02/07/2019,16.0,0.0158,0.0765,1560815820,85.24,1560827100,79.36,1560889980,0.89
Upper Thomson,03/05/2019,16.0,0.0135,0.0429,1555685880,92.0,1555649940,79.51,1555705020,0.8
Upper Thomson,03/06/2019,22.0,0.0002,0.0008,1558345620,90.22,1558328400,79.69,1558382220,0.81
Upper Thomson,06/05/2019,19.0,0.0163,0.0369,1555933740,90.61,1555908000,79.23,1555963680,0.82
Upper Thomson,07/06/2019,32.0,0.0012,0.0073,1558677540,91.43,1558682820,79.45,1558727760,0.79
Upper Thomson,10/05/2019,26.0,0.0448,0.1,1556269080,87.59,1556252760,77.68,1556308020,0.87
Upper Thomson,10/06/2019,27.0,0.0083,0.0364,1558947540,91.55,1558933560,80.05,1558986900,0.82
Upper Thomson,11/01/2019,3.0,0.0043,0.0181,1545987120,89.91,1545977820,77.2,1546036620,0.79
Upper Thomson,13/05/2019,29.0,0.0046,0.0189,1556535720,92.79,1556522880,80.11,1556567880,0.82
Upper Thomson,14/01/2019,6.0,0.0102,0.041,1546247820,88.34,1546240980,77.06,1546286700,0.85
Upper Thomson,14/06/2019,34.0,0.0147,0.0676,1559250060,88.63,1559278020,78.99,1559342280,0.84
Upper Thomson,17/05/2019,28.0,0.0052,0.0334,1556874060,92.71,1556859120,80.83,1556913240,0.81
Upper Thomson,18/01/2019,3.0,0.0016,0.0085,1546550160,90.95,1546585020,78.34,1546639140,0.76
Upper Thomson,18/04/2019,6.0,0.011,0.0641,1554357780,90.16,1554352800,77.36,1554408300,0.82
Upper Thomson,19/06/2019,12.0,0.0058,0.0185,1559682000,89.49,1559708700,78.94,1559774760,0.84
Upper Thomson,21/06/2019,13.0,0.0106,0.0517,1559865420,85.88,1559892780,78.53,1559937360,0.87
Upper Thomson,22/05/2019,5.0,0.0141,0.0353,1557284640,88.31,1557304200,79.53,1557347520,0.85
Upper Thomson,23/04/2019,11.0,0.0128,0.0572,1554796860,90.92,1554785880,78.49,1554841620,0.83
Upper Thomson,24/05/2019,7.0,0.0052,0.0218,1557426360,91.42,1557472500,80.49,1557518940,0.79
Upper Thomson,25/01/2019,2.0,0.0002,0.001,1547153760,88.98,1547183280,75.68,1547246340,0.81
Upper Thomson,26/04/2019,10.0,0.0037,0.01,1555038540,91.82,1555053300,79.45,1555105920,0.81
Upper Thomson,26/06/2019,2.0,0.0036,0.021,1560297600,88.41,1560324180,81.41,1560366060,0.86
Upper Thomson,27/05/2019,7.0,0.0083,0.0335,1557737640,90.38,1557723660,79.9,1557776760,0.82
Upper Thomson,28/01/2019,2.0,0.0187,0.0741,1547445600,87.31,1547438400,75.77,1547505720,0.86
Upper Thomson,29/04/2019,10.0,0.0036,0.0329,1555308000,92.73,1555313580,79.51,1555358280,0.8
Whampoa,03/06/2019,4.0,0.0002,0.0006,1558345260,90.81,1558328280,80.58,1558382040,0.8
Whampoa,04/01/2019,3.0,0.013,0.0471,1545382320,89.49,1545368160,77.99,1545429480,0.86
Whampoa,07/01/2019,1.0,0.0007,0.0035,1545663600,89.55,1545632760,77.52,1545681660,0.79
Whampoa,07/06/2019,13.0,0.001,0.0042,1558677420,91.27,1558680960,79.99,1558727940,0.79
Whampoa,10/05/2019,1.0,0.0413,0.0862,1556265600,88.04,1556253060,78.6,1556307960,0.86
Whampoa,10/06/2019,20.0,0.0071,0.0326,1558969200,91.79,1558933500,80.73,1558986000,0.81
Whampoa,11/01/2019,4.0,0.0037,0.013,1545987240,89.81,1545978000,77.86,1546036440,0.78
Whampoa,13/05/2019,3.0,0.0037,0.0155,1556536320,92.8,1556521140,80.76,1556567820,0.81
Whampoa,14/01/2019,5.0,0.0098,0.0392,1546247940,88.16,1546242480,77.76,1546291620,0.84
Whampoa,14/06/2019,25.0,0.0145,0.0836,1559250060,89.26,1559278920,79.35,1559342400,0.83
Whampoa,17/05/2019,3.0,0.0046,0.0254,1556874060,92.91,1556859420,81.54,1556913240,0.8
Whampoa,18/01/2019,8.0,0.0019,0.0108,1546550040,90.7,1546584780,79.03,1546638960,0.76
Whampoa,19/06/2019,9.0,0.0056,0.0254,1559682000,89.74,1559710320,79.33,1559774640,0.82
Whampoa,21/01/2019,8.0,0.0012,0.0042,1546851420,88.83,1546841520,79.25,1546891260,0.82
Whampoa,21/06/2019,21.0,0.0134,0.0615,1559865360,85.9,1559893500,79.38,1559937240,0.86
Whampoa,22/05/2019,2.0,0.0191,0.0448,1557284760,88.57,1557304620,80.13,1557347280,0.84
Whampoa,24/05/2019,3.0,0.0056,0.0244,1557427380,91.77,1557464880,81.12,1557519300,0.79
Whampoa,27/05/2019,4.0,0.0076,0.0268,1557694740,90.7,1557723840,80.42,1557776640,0.81
Whampoa,28/06/2019,1.0,0.0024,0.0112,1560460080,89.43,1560494640,81.02,1560541800,0.84
Yishun,03/04/2019,1.0,0.0001,0.0005,1553094000,92.34,1553058180,77.69,1553120820,0.76
Yishun,03/05/2019,8.0,0.0169,0.0593,1555665180,92.31,1555649640,78.88,1555704480,0.82
Yishun,03/06/2019,21.0,0.0003,0.0012,1558345440,90.34,1558328220,78.72,1558382340,0.82
Yishun,04/01/2019,4.0,0.0134,0.051,1545374640,88.73,1545366660,76.71,1545428760,0.88
Yishun,05/04/2019,1.0,0.0038,0.0159,1553234520,91.3,1553239800,77.14,1553289960,0.81
Yishun,06/05/2019,8.0,0.0156,0.0442,1555921860,90.85,1555907580,78.68,1555964220,0.83
Yishun,07/01/2019,6.0,0.0013,0.0054,1545641580,89.91,1545632460,76.26,1545688380,0.82
Yishun,07/06/2019,4.0,0.0014,0.0102,1558677540,92.09,1558684020,79.22,1558726140,0.8
Yishun,09/04/2019,4.0,0.0038,0.0085,1553611380,91.65,1553586300,77.08,1553637480,0.81
Yishun,10/05/2019,4.0,0.0507,0.124,1556270460,87.56,1556253060,76.89,1556308080,0.88
Yishun,10/06/2019,6.0,0.0095,0.0494,1558947540,92.01,1558933140,79.28,1558987380,0.83
Yishun,11/01/2019,8.0,0.0055,0.0251,1545987000,90.41,1545980280,76.55,1546036980,0.79
Yishun,12/04/2019,4.0,0.006,0.0401,1553847240,90.74,1553836020,77.82,1553896500,0.83
Yishun,13/05/2019,7.0,0.0064,0.0264,1556535360,92.95,1556523900,79.36,1556567820,0.83
Yishun,14/01/2019,8.0,0.0101,0.0405,1546247340,88.82,1546239600,76.46,1546293720,0.85
Yishun,14/06/2019,3.0,0.0152,0.0528,1559250060,88.93,1559276160,78.34,1559333340,0.85
Yishun,17/05/2019,13.0,0.0066,0.0472,1556874060,93.25,1556858760,80.0,1556913180,0.83
Yishun,19/06/2019,3.0,0.0066,0.0152,1559735820,89.4,1559708400,78.66,1559774940,0.85
Yishun,21/06/2019,2.0,0.0077,0.0372,1559865540,85.88,1559892000,77.6,1559937480,0.89
Yishun,22/05/2019,13.0,0.0104,0.0297,1557284520,88.17,1557303900,78.76,1557347640,0.86
Yishun,23/04/2019,2.0,0.0122,0.0553,1554796920,91.33,1554785760,78.08,1554840780,0.84
Yishun,24/05/2019,17.0,0.0049,0.0204,1557425880,91.6,1557474960,79.89,1557518820,0.79
Yishun,26/04/2019,5.0,0.0041,0.0108,1555038960,92.07,1555053900,78.67,1555106400,0.82
Yishun,26/06/2019,7.0,0.0027,0.0164,1560268800,88.92,1560325320,80.93,1560365400,0.87
Yishun,27/05/2019,18.0,0.0087,0.0441,1557737520,90.95,1557723480,79.12,1557776940,0.83
Yishun,28/06/2019,3.0,0.002,0.0101,1560460020,89.83,1560495480,80.24,1560541920,0.85
Yishun,29/04/2019,4.0,0.0046,0.0413,1555308000,93.37,1555314360,79.36,1555358220,0.81
